Foster,Paul,project manager,paul.foste@donaldson-williams.com,957.749.6517x32334
Perez,Elizabeth,senior engineer,eliza.perez@underwood.com,(202)843-1584
Willis,Stephanie,Tech lead,steph.willi@vincent-henry.com,+1-857-810-9062
Anthony,Megan,system engineer,megan.antho@roberts.com,(861)519-0250x6850
Owens,Belinda,senior engineer,belin.owens@miller.com,280.996.0222x47462
Anderson,Dana,senior engineer,dana.ander@white.com,001-432-730-9099x2751
Perry,Patrick,junior engineer,patri.perry@morrison-brown.net,+1-745-935-3877x83838
Thompson,Tamara,junior engineer,tamar.thomp@rogers.com,+1-834-956-3349x2511
Coleman,Cole,project manager,cole.colem@smith-alvarez.info,466.797.0018
Hopkins,Michael,junior engineer,micha.hopki@bell.org,503-767-8483
Campbell,Amanda,system engineer,amand.campb@cooper.com,+1-841-817-0325x285
Lawrence,Jacqueline,project manager,jacqu.lawre@cox.com,518.462.1315
Cervantes,Larry,Tech lead,larry.cerva@jones.com,001-891-526-1178
Mccarthy,Misty,senior engineer,misty.mccar@cummings.info,270-704-2431x36555
Thompson,Vanessa,system engineer,vanes.thomp@miller-rubio.net,737.945.3416x5771
Torres,Austin,system engineer,austi.torre@may.com,231.618.1996x03977
Klein,Jeffrey,junior engineer,jeffr.klein@burns.info,271.397.0867
Brown,Jill,Tech lead,jill.brown@smith.com,543.872.1401x75009
Rios,Susan,junior engineer,susan.rios@anderson.biz,001-710-734-3050
Wilson,Lisa,Tech lead,lisa.wilso@livingston-foster.org,001-335-220-7521x7826
Norris,Brenda,senior engineer,brend.norri@fuller.com,896-301-8148x0681
Williams,Tiffany,senior engineer,tiffa.willi@villanueva.info,542-519-4714
Oliver,Paul,junior engineer,paul.olive@mendez-hernandez.com,001-949-971-1601x6908
Mcclain,Tammy,Tech lead,tammy.mccla@davidson.net,(970)399-2943x061
Rios,Kathleen,Tech lead,kathl.rios@oliver-martinez.com,302-624-4233
Henderson,Diana,Tech lead,diana.hende@williams.com,485.544.8245
Spears,Alexander,project manager,alexa.spear@cooley-johnson.biz,(204)284-6578
Roach,Dennis,senior engineer,denni.roach@robinson.com,968-359-3904
Martin,Matthew,system engineer,matth.marti@tyler.org,919-763-3851
Allen,Lisa,project manager,lisa.allen@blake-rodriguez.com,001-853-804-7959x3220
Smith,Cory,Tech lead,cory.smith@villegas-phelps.com,682-760-8894x90600
Anderson,Dominic,senior engineer,domin.ander@york.com,+1-432-838-4785
Aguilar,Patricia,senior engineer,patri.aguil@calderon.biz,001-963-510-1073x3142
Joyce,Vincent,project manager,vince.joyce@lewis-lewis.com,+1-306-378-6936x685
Ware,Lisa,Tech lead,lisa.ware@ellis.com,+1-802-325-7561x36292
Rodriguez,Christopher,project manager,chris.rodri@mcbride.com,(436)916-8880x5052
Pham,Tami,senior engineer,tami.pham@russell.biz,595.403.5163
Jones,Albert,junior engineer,alber.jones@lambert.com,(788)387-5020
Reed,Patricia,senior engineer,patri.reed@castillo.com,433-995-8711x3440
White,Lance,senior engineer,lance.white@sutton.com,001-786-569-2198x0563
Murphy,Erika,junior engineer,erika.murph@vasquez-howard.com,245.828.0249
Lawrence,Logan,Tech lead,logan.lawre@rodriguez.com,705.427.1517x312
Quinn,Scott,project manager,scott.quinn@benjamin.com,583.740.9857x269
Craig,Douglas,system engineer,dougl.craig@rosario.com,508.848.2545x12481
Lopez,Anthony,Tech lead,antho.lopez@baldwin.net,001-740-391-8387
Jones,Sarah,system engineer,sarah.jones@harrington-bailey.com,503-916-6629
Wilkerson,Gerald,senior engineer,geral.wilke@patterson.com,+1-541-949-2849x43936
Nichols,Michele,Tech lead,miche.nicho@kelly.com,+1-700-543-4036x13979
Robinson,Nancy,Tech lead,nancy.robin@gomez.net,781.323.4586x7373
Bright,Jose,system engineer,jose.brigh@campbell.info,(334)616-1930
